{
    "best_val_acc": 0.5044449779180051,
    "recovery_rate": 0.5044449779180051,
    "timestamp": "2025-05-14 23:29:07"
}